{
    "mcts": {
        "win_rate": 0.26721763085399447,
        "move_speed": 13183.907458563535,
        "nodes": 17950.413223140495,
        "pawn_moves": 11.341597796143251,
        "game_length": 17.950413223140497
    },
    "minimax": {
        "win_rate": 0.8453038674033149,
        "move_speed": 918.5597245309903,
        "nodes": 228460.94198895028,
        "pawn_moves": 14.566298342541437,
        "game_length": 23.265193370165747
    },
    "qlearning": {
        "win_rate": 0.8053892215568862,
        "move_speed": 0.0,
        "nodes": 0.0,
        "pawn_moves": 16.494011976047904,
        "game_length": 25.71556886227545
    },
    "randomai": {
        "win_rate": 0.026578073089700997,
        "move_speed": 0.0,
        "nodes": 0.0,
        "pawn_moves": 8.23920265780731,
        "game_length": 15.730897009966778
    }
}