{
    "mcts": {
        "win_rate": 0.0,
        "move_speed": 4599.54,
        "nodes": [
            34.48,
            1035.71,
            1000.0,
            1000.0,
            1000.0,
            1000.0,
            1080.0,
            1136.36,
            1000.0,
            1000.0,
            1000.0,
            1047.62,
            1000.0,
            1000.0,
            1000.0,
            1000.0,
            1105.26,
            1117.65,
            1545.45,
            1375.0,
            2666.67,
            1500.0,
            2000.0,
            1000.0,
            1000.0
        ],
        "pawn_moves": [
            0.03,
            0.5,
            0.54,
            0.46,
            0.57,
            0.5,
            0.72,
            0.91,
            0.86,
            0.77,
            0.95,
            1.0,
            1.0,
            1.0,
            1.0,
            0.95,
            1.05,
            1.06,
            1.45,
            1.38,
            2.67,
            1.5,
            2.0,
            1.0,
            1.0
        ],
        "game_length": 16.071428571428573
    },
    "minimax": {
        "win_rate": 0.6229508196721312,
        "move_speed": 318.70935882118675,
        "nodes": [
            2.57,
            16674.58,
            15718.2,
            15776.16,
            17117.7,
            24188.75,
            91605.23,
            19501.88,
            22196.02,
            14153.81,
            11534.83,
            12136.23,
            9946.44,
            8584.45,
            6582.25,
            4079.28,
            1060.63,
            718.59,
            543.28,
            460.16,
            377.81,
            345.36,
            244.26,
            228.51,
            192.57,
            92.67,
            59.15,
            56.86,
            17.51,
            14.21,
            11.58,
            8.02,
            7.25,
            6.14,
            5.72,
            6.09,
            6.69,
            7.35,
            7.84,
            9.36,
            9.54,
            0.87,
            12.5,
            0.06
        ],
        "pawn_moves": [
            0.62,
            1.0,
            0.99,
            0.06,
            0.04,
            0.45,
            0.39,
            0.05,
            0.23,
            0.14,
            0.18,
            0.2,
            0.27,
            0.4,
            0.5,
            0.64,
            0.91,
            0.94,
            0.97,
            0.97,
            0.99,
            0.96,
            0.97,
            0.97,
            0.96,
            1.0,
            0.98,
            0.99,
            1.01,
            1.0,
            1.03,
            1.04,
            1.06,
            1.12,
            1.14,
            1.26,
            1.35,
            1.54,
            1.58,
            2.0,
            1.92,
            0.19,
            2.5,
            0.01
        ],
        "game_length": 34.30327868852459
    },
    "qlearning": {
        "win_rate": 0.40828402366863903,
        "move_speed": 0.0,
        "nodes": [],
        "pawn_moves": [
            0.41,
            1.0,
            0.0,
            0.0,
            0.0,
            0.0,
            0.06,
            0.86,
            0.85,
            0.8,
            0.82,
            0.8,
            0.73,
            0.73,
            0.71,
            0.71,
            0.52,
            0.38,
            0.42,
            0.51,
            0.61,
            0.8,
            0.98,
            0.96,
            0.96,
            0.96,
            0.98,
            0.98,
            1.01,
            1.01,
            1.01,
            1.04,
            1.03,
            1.11,
            1.1,
            1.36,
            1.11,
            1.67,
            1.22,
            2.24,
            1.21,
            4.0,
            0.13,
            2.5,
            0.02
        ],
        "game_length": 36.142011834319526
    }
}