{
    "mcts": {
        "win_rate": 0.0,
        "move_speed": 12297.90243902439,
        "nodes": 19680.0,
        "pawn_moves": 13.46,
        "game_length": 19.68
    },
    "minimax": {
        "win_rate": 0.625,
        "move_speed": 735.9726999140155,
        "nodes": 249389.91666666666,
        "pawn_moves": 22.555555555555557,
        "game_length": 32.30555555555556
    },
    "qlearning": {
        "win_rate": 0.55,
        "move_speed": 0.0,
        "nodes": 0.0,
        "pawn_moves": 23.928571428571427,
        "game_length": 33.707142857142856
    }
}